{
  "accuracy": [
    0.4985237419605255,
    0.669678807258606,
    0.7425069212913513,
    0.7859891057014465,
    0.8399391770362854,
    0.8622170686721802,
    0.8865527510643005,
    0.9190301299095154,
    0.9303032755851746,
    0.9353135824203491,
    0.9268140196800232,
    0.9423816800117493,
    0.9609018564224243,
    0.9763800501823425
  ],
  "loss": [
    1.5895085334777832,
    0.9983257055282593,
    0.7577481269836426,
    0.6224297881126404,
    0.4677791893482208,
    0.40838900208473206,
    0.33612388372421265,
    0.23434582352638245,
    0.21070978045463562,
    0.1894945204257965,
    0.2150038182735443,
    0.16531327366828918,
    0.11489870399236679,
    0.06636089086532593
  ],
  "val_accuracy": [
    0.13535714149475098,
    0.22821427881717682,
    0.2060714215040207,
    0.28035715222358704,
    0.41678571701049805,
    0.33142855763435364,
    0.5799999833106995,
    0.4967857003211975,
    0.7210714221000671,
    0.46000000834465027,
    0.48107144236564636,
    0.6246428489685059,
    0.6857143044471741,
    0.7400000095367432
  ],
  "val_loss": [
    9.536406517028809,
    16.6614933013916,
    6.46428918838501,
    4.8463921546936035,
    4.582442283630371,
    6.483090877532959,
    1.873897671699524,
    3.500256061553955,
    1.3653861284255981,
    3.860172748565674,
    2.7933144569396973,
    2.217200756072998,
    1.6946038007736206,
    1.414583683013916
  ],
  "learning_rate": [
    0.0010000000474974513,
    0.0010000000474974513,
    0.0010000000474974513,
    0.0010000000474974513,
    0.0010000000474974513,
    0.0010000000474974513,
    0.0010000000474974513,
    0.0010000000474974513,
    0.0010000000474974513,
    0.0010000000474974513,
    0.0010000000474974513,
    0.0010000000474974513,
    0.0005000000237487257,
    0.0005000000237487257
  ]
}